1730219412273,3,BeanShell Sampler,200,OK,Thread Group - Pet 1-1,text,true,0,1,1,0
1730219412419,3,BeanShell Sampler,200,OK,Thread Group - Store 2-1,text,true,0,1,1,0
1730219412519,3,BeanShell Sampler,200,OK,Thread Group - User 3-1,text,true,0,1,1,0
1730219412664,2,BeanShell Sampler,200,OK,Thread Group - Pet 1-2,text,true,0,1,1,0
1730219412825,7,BeanShell Sampler,200,OK,Thread Group - Store 2-2,text,true,0,1,1,0
1730219412925,6,BeanShell Sampler,200,OK,Thread Group - User 3-2,text,true,0,1,1,0
1730219413058,5,BeanShell Sampler,200,OK,Thread Group - Pet 1-3,text,true,0,1,1,0
1730219413222,7,BeanShell Sampler,200,OK,Thread Group - Store 2-3,text,true,0,1,1,0
1730219413322,2,BeanShell Sampler,200,OK,Thread Group - User 3-3,text,true,0,1,1,0
1730219413457,5,BeanShell Sampler,200,OK,Thread Group - Pet 1-4,text,true,0,1,1,0
1730219413620,3,BeanShell Sampler,200,OK,Thread Group - Store 2-4,text,true,0,1,1,0
1730219413726,8,BeanShell Sampler,200,OK,Thread Group - User 3-4,text,true,0,1,1,0
1730219413856,6,BeanShell Sampler,200,OK,Thread Group - Pet 1-5,text,true,0,1,1,0
1730219414020,2,BeanShell Sampler,200,OK,Thread Group - Store 2-5,text,true,0,1,1,0
1730219414118,2,BeanShell Sampler,200,OK,Thread Group - User 3-5,text,true,0,1,1,0
